{
  "iPhone3,1"  : "iPhone 4",
  "iPhone3,2"  : "iPhone 4",
  "iPhone3,3"  : "iPhone 4",
  "iPhone4,1"  : "iPhone 4S",
  "iPhone4,2"  : "iPhone 4S",
  "iPhone4,3"  : "iPhone 4S",
  "iPhone5,1"  : "iPhone 5",
  "iPhone5,2"  : "iPhone 5",
  "iPhone5,3"  : "iPhone 5C",
  "iPhone5,4"  : "iPhone 5C",
  "iPhone6,1"  : "iPhone 5S",
  "iPhone6,2"  : "iPhone 5S",
  "iPhone7,2"  : "iPhone 6",
  "iPhone7,1"  : "iPhone 6 Plus",
  "iPhone8,1"  : "iPhone 6S",
  "iPhone8,2"  : "iPhone 6S Plus",
  "iPhone8,4"  : "iPhone SE",
  "iPhone9,1"  : "iPhone 7",
  "iPhone9,3"  : "iPhone 7",
  "iPhone9,2"  : "iPhone 7 Plus",
  "iPhone9,4"  : "iPhone 7 Plus",
  "iPhone10,1" : "iPhone 8",
  "iPhone10,4" : "iPhone 8",
  "iPhone10,2" : "iPhone 8 Plus",
  "iPhone10,5" : "iPhone 8 Plus",
  "iPhone10,3" : "iPhone X",
  "iPhone10,6" : "iPhone X",
  "iPhone11,2" : "iPhone XS",
  "iPhone11,4" : "iPhone XS Max",
  "iPhone11,6" : "iPhone XS Max",
  "iPhone11,8" : "iPhone XR",
  "iPhone12,1" : "iPhone 11",
  "iPhone12,3" : "iPhone 11 Pro",
  "iPhone12,5" : "iPhone 11 Pro Max",

  "iPad1,1"  : "iPad 1",
  "iPad2,1"  : "iPad 2",
  "iPad2,2"  : "iPad 2",
  "iPad2,3"  : "iPad 2",
  "iPad2,4"  : "iPad 2",
  "iPad2,5"  : "iPad Mini",
  "iPad2,6"  : "iPad Mini",
  "iPad2,7"  : "iPad Mini",
  "iPad3,1"  : "iPad 3",
  "iPad3,2"  : "iPad 3",
  "iPad3,3"  : "iPad 3",
  "iPad3,4"  : "iPad 4",
  "iPad3,5"  : "iPad 4",
  "iPad3,6"  : "iPad 4",
  "iPad4,1"  : "iPad Air",
  "iPad4,2"  : "iPad Air",
  "iPad4,3"  : "iPad Air",
  "iPad4,4"  : "iPad Mini 2",
  "iPad4,5"  : "iPad Mini 2",
  "iPad4,6"  : "iPad Mini 2",
  "iPad4,7"  : "iPad Mini 3",
  "iPad4,8"  : "iPad Mini 3",
  "iPad4,9"  : "iPad Mini 3",
  "iPad5,1"  : "iPad Mini 4",
  "iPad5,2"  : "iPad Mini 4",
  "iPad5,3"  : "iPad Air 2",
  "iPad5,4"  : "iPad Air 2",
  "iPad6,3"  : "iPad Pro 9.7 inch",
  "iPad6,4"  : "iPad Pro 9.7 inch",
  "iPad6,7"  : "iPad Pro 12.9 inch",
  "iPad6,8"  : "iPad Pro 12.9 inch",
  "iPad6,11" : "iPad 5",
  "iPad6,12" : "iPad 5",
  "iPad7,1"  : "iPad Pro 12.9 inch",
  "iPad7,2"  : "iPad Pro 12.9 inch",
  "iPad7,3"  : "iPad Pro 10.5 inch",
  "iPad7,4"  : "iPad Pro 10.5 inch",
  "iPad7,5"  : "iPad 6",
  "iPad7,6"  : "iPad 6",
  "iPad7,11" : "iPad 7",
  "iPad7,12" : "iPad 7",
  "iPad8,1"  : "iPad Pro 11 Inch",
  "iPad8,2"  : "iPad Pro 11 Inch",
  "iPad8,3"  : "iPad Pro 11 Inch",
  "iPad8,4"  : "iPad Pro 11 Inch",
  "iPad8,5"  : "iPad Pro 12.9 inch 3rd Gen",
  "iPad8,6"  : "iPad Pro 12.9 inch 3rd Gen",
  "iPad8,7"  : "iPad Pro 12.9 inch 3rd Gen",
  "iPad8,8"  : "iPad Pro 12.9 inch 3rd Gen",
  "iPad11,1" : "iPadMini5",
  "iPad11,2" : "iPadMini5",
  "iPad11,4" : "iPadAir3",
  "iPad11,5" : "iPadAir3",

  "iPod1,1" : "iPod Touch 1st Gen",
  "iPod2,1" : "iPod Touch 2nd Gen",
  "iPod3,1" : "iPod Touch 3rd Gen",
  "iPod4,1" : "iPod Touch 4th Gen",
  "iPod5,1" : "iPod Touch 5th Gen",
  "iPod7,1" : "iPod Touch 6th Gen",

  "i386"   : "Simulator",
  "x86_64" : "Simulator"
}
